"quarter","opening_balance","interest","capital","closing_balance"
1,504625,9335.5625,21080.7242031213,483544.275796879
2,483544.275796879,8945.56910224226,21470.717600879,462073.558196
3,462073.558196,8548.36082662599,21867.9258764953,440205.632319504
4,440205.632319504,8143.80419791083,22272.4825052105,417933.149814294
5,417933.149814294,7731.76327156444,22684.5234315568,395248.626382737
6,395248.626382737,7312.09958808064,23104.1871150406,372144.439267696
7,372144.439267696,6884.67212645238,23531.6145766689,348612.824691028
8,348612.824691028,6449.33725678401,23966.9494463373,324645.87524469
9,324645.87524469,6005.94869202677,24410.3380110945,300235.537233596
10,300235.537233596,5554.35743882152,24861.9292642998,275373.607969296
11,275373.607969296,5094.41174743198,25321.8749556893,250051.733013607
12,250051.733013607,4625.95706075172,25790.3296423696,224261.403371237
13,224261.403371237,4148.83596236789,26267.4507407534,197993.952630484
14,197993.952630484,3662.88812366395,26753.3985794573,171240.554051026
15,171240.554051026,3167.95024994399,27248.3364531773,143992.217597849
16,143992.217597849,2663.85602556021,27752.4306775611,116239.786920288
17,116239.786920288,2150.43605802533,28265.850645096,87973.9362751921
18,87973.9362751921,1627.51782109105,28788.7688820302,59185.1673931618
19,59185.1673931618,1094.92559677349,29321.3611063478,29863.806286814
20,29863.806286814,552.48041630606,29863.8062868152,-1.18961906991899e-09
