"quarter","phase","drawdown","interest_out","capital_out","net_cashflow","cum_cashflow"
1,"Project",5e+05,4625,0,495375,495375
2,"Project",0,0,0,0,495375
3,"Project",0,0,0,0,495375
4,"Project",0,0,0,0,495375
5,"Project",0,0,0,0,495375
6,"Project",0,0,0,0,495375
7,"Project",0,0,0,0,495375
8,"Project",0,0,0,0,495375
9,"Repayment",0,0,21080.7242031213,-21080.7242031213,474294.275796879
10,"Repayment",0,0,21470.717600879,-21470.717600879,452823.558196
11,"Repayment",0,0,21867.9258764953,-21867.9258764953,430955.632319504
12,"Repayment",0,0,22272.4825052105,-22272.4825052105,408683.149814294
13,"Repayment",0,0,22684.5234315568,-22684.5234315568,385998.626382737
14,"Repayment",0,0,23104.1871150406,-23104.1871150406,362894.439267696
15,"Repayment",0,0,23531.6145766689,-23531.6145766689,339362.824691028
16,"Repayment",0,0,23966.9494463373,-23966.9494463373,315395.87524469
17,"Repayment",0,0,24410.3380110945,-24410.3380110945,290985.537233596
18,"Repayment",0,0,24861.9292642998,-24861.9292642998,266123.607969296
19,"Repayment",0,0,25321.8749556893,-25321.8749556893,240801.733013607
20,"Repayment",0,0,25790.3296423696,-25790.3296423696,215011.403371237
21,"Repayment",0,0,26267.4507407534,-26267.4507407534,188743.952630484
22,"Repayment",0,0,26753.3985794573,-26753.3985794573,161990.554051026
23,"Repayment",0,0,27248.3364531773,-27248.3364531773,134742.217597849
24,"Repayment",0,0,27752.4306775611,-27752.4306775611,106989.786920288
25,"Repayment",0,0,28265.850645096,-28265.850645096,78723.9362751921
26,"Repayment",0,0,28788.7688820302,-28788.7688820302,49935.1673931618
27,"Repayment",0,0,29321.3611063478,-29321.3611063478,20613.806286814
28,"Repayment",0,0,29863.8062868152,-29863.8062868152,-9250.00000000118
